domain,accuracy,precision,recall,selection_rate
Finance,1.0,1.0,1.0,0.16666666666666666
General,0.5,1.0,0.5,0.5
History,1.0,0.0,0.0,0.0
Law,0.75,1.0,0.5,0.25
Medicine,0.625,1.0,0.25,0.125
Politics,1.0,0.0,0.0,0.0
Science,1.0,1.0,1.0,0.3333333333333333
Technology,0.8571428571428571,1.0,0.6666666666666666,0.2857142857142857
